                  epoch,         train/box_loss,         train/seg_loss,         train/cls_loss,         train/dfl_loss,   metrics/precision(B),      metrics/recall(B),       metrics/mAP50(B),    metrics/mAP50-95(B),   metrics/precision(M),      metrics/recall(M),       metrics/mAP50(M),    metrics/mAP50-95(M),           val/box_loss,           val/seg_loss,           val/cls_loss,           val/dfl_loss,                 lr/pg0,                 lr/pg1,                 lr/pg2
                      1,                0.68417,                 1.4261,                 2.8451,                 1.0103,                0.09649,                0.34436,                0.07431,                0.05761,                0.10181,                0.36334,                0.08047,                 0.0563,                0.64551,                 1.3827,                  3.613,                0.92892,                  8e-05,                  8e-05,                  8e-05
                      2,                0.71133,                 1.4107,                 2.5035,                 1.0453,                 0.8282,                0.65618,                0.67056,                0.53516,                0.83915,                0.66486,                0.67912,                0.44646,                0.61179,                 1.5919,                    inf,                0.94627,             0.00017964,             0.00017964,             0.00017964
                      3,                0.59345,                0.95431,                 0.7998,                0.94437,                0.77233,                0.62364,                0.57846,                 0.4699,                0.77636,                 0.6269,                0.57826,                0.39961,                0.61994,                 1.6754,                    inf,                0.88933,             0.00027889,             0.00027889,             0.00027889
                      4,                0.53119,                0.77795,                0.65882,                0.90615,                0.70723,                0.67137,                 0.6544,                0.51086,                0.87194,                0.50217,                0.65474,                0.45631,                0.69549,                 1.6611,                    inf,                0.91125,             0.00037774,             0.00037774,             0.00037774
                      5,                0.50519,                0.68541,                0.56378,                0.88494,                 0.8389,                0.71475,                 0.7286,                0.56031,                0.90244,                0.62202,                0.72743,                0.50002,                0.69987,                 1.4844,                    inf,                0.90704,              0.0004762,              0.0004762,              0.0004762
                      6,                0.49025,                0.66001,                0.51711,                0.88758,                0.82392,                 0.7397,                0.76351,                0.60196,                0.83707,                0.72017,                0.75882,                0.52868,                0.68106,                 1.9815,                 1.8247,                0.91908,             0.00057426,             0.00057426,             0.00057426
                      7,                0.49745,                 0.6659,                0.54748,                0.89528,                0.77401,                0.76681,                0.75613,                0.56352,                0.77573,                0.76342,                0.76651,                0.53181,                 0.7774,                 2.1421,                 2.4677,                0.96161,             0.00067192,             0.00067192,             0.00067192
                      8,                0.51538,                0.71584,                0.58445,                0.90155,                0.76544,                0.71095,                0.68699,                 0.5271,                0.76586,                0.69957,                0.68727,                0.47285,                0.75018,                 2.1077,                 1.5557,                0.98096,             0.00076919,             0.00076919,             0.00076919
                      9,                0.48692,                0.66686,                0.55525,                 0.8856,                0.81369,                0.73373,                0.76188,                0.56101,                0.82332,                 0.7115,                0.75178,                0.48429,                0.88094,                 2.7716,                 1.4377,                0.98986,             0.00086606,             0.00086606,             0.00086606
                     10,                0.48912,                0.64106,                0.50496,                0.89382,                0.77918,                0.68697,                0.70862,                0.53984,                0.79402,                0.65998,                 0.6947,                0.46043,                0.75239,                 2.6941,                 1.4326,                0.96001,             0.00096254,             0.00096254,             0.00096254
                     11,                0.51614,                0.70354,                0.48965,                0.87357,                0.70462,                0.70282,                0.68982,                0.51633,                0.70368,                0.69902,                0.68418,                0.45744,                0.76371,                 2.7114,                 2.0762,                0.96864,              0.0010586,              0.0010586,              0.0010586
                     12,                0.50968,                0.66439,                0.47114,                 0.8808,                0.58591,                 0.7115,                0.50617,                0.38213,                0.58008,                0.70282,                 0.4979,                0.33095,                 0.7955,                  2.251,                 2.0426,                0.99183,              0.0011543,              0.0011543,              0.0011543
                     13,                0.52499,                 0.7126,                0.47207,                0.87824,                0.53505,                0.71095,                0.45218,                0.33036,                0.52784,                0.69598,                0.43822,                 0.2888,                0.83676,                 2.9262,                    inf,                0.99568,              0.0012496,              0.0012496,              0.0012496
                     14,                0.52936,                0.68879,                0.47751,                0.88769,                0.38716,                0.72289,                0.32991,                0.23578,                0.38245,                0.70282,                0.32281,                0.22061,                0.86227,                 2.7774,                    inf,                 1.0313,              0.0013445,              0.0013445,              0.0013445
                     15,                0.51657,                0.71053,                0.49748,                0.90138,                0.25849,                0.60609,                0.20532,                0.14652,                0.25807,                 0.5987,                0.20287,                0.12909,                0.98747,                 3.7811,                    inf,                 1.1312,               0.001439,               0.001439,               0.001439
                     16,                0.51602,                0.74535,                0.49851,                0.89866,                0.33993,                0.70065,                0.28882,                0.21649,                0.33477,                 0.6795,                 0.2819,                0.18614,                0.83681,                 3.4738,                    inf,                 1.0329,              0.0015331,              0.0015331,              0.0015331
                     17,                0.57203,                0.79442,                0.61932,                0.91056,                0.73794,                0.73156,                0.72933,                0.52634,                0.73247,                0.72614,                0.72282,                 0.4871,                0.91668,                 3.0684,                 2.0032,                 1.0392,              0.0016268,              0.0016268,              0.0016268
                     18,                0.53857,                0.69823,                0.54077,                0.89621,                  0.786,                0.66866,                0.70803,                0.51121,                0.77115,                0.65347,                0.69096,                0.42368,                0.91621,                  3.403,                 1.4913,                 1.0665,              0.0017201,              0.0017201,              0.0017201
                     19,                0.57346,                0.84837,                0.56856,                0.91445,                 0.6324,                0.66611,                0.63776,                 0.4691,                0.62724,                0.65076,                0.62963,                  0.397,                0.91243,                  3.423,                 1.8618,                 1.0664,               0.001813,               0.001813,               0.001813
                     20,                0.60288,                0.78513,                0.51161,                0.90774,                0.27644,                0.64046,                0.22615,                0.15739,                0.26801,                0.62093,                0.21595,                0.12606,                 1.0113,                 5.5674,                    inf,                 1.0956,              0.0019055,              0.0019055,              0.0019055
                     21,                0.57406,                0.80447,                0.53503,                  0.924,                0.42573,                0.67842,                0.36684,                0.27342,                0.41315,                0.66161,                0.35251,                0.22185,                0.86704,                 3.3181,                 2.3868,                 1.0376,              0.0019208,              0.0019208,              0.0019208
                     22,                 0.5413,                0.69672,                0.47441,                0.89273,                0.81158,                0.68709,                0.72869,                0.52383,                0.80549,                0.65239,                0.69809,                0.42874,                0.94809,                 3.0227,                 1.1857,                 1.0575,              0.0019208,              0.0019208,              0.0019208
                     23,                0.58558,                 0.7505,                0.50323,                0.90854,                0.81831,                0.66974,                0.70748,                 0.5257,                0.82704,                0.65607,                0.70161,                 0.4571,                0.87559,                 2.3573,                 1.0218,                 1.0414,              0.0019168,              0.0019168,              0.0019168
                     24,                 0.5932,                0.78392,                0.50163,                0.90354,                0.81581,                0.68004,                0.72107,                0.55248,                0.82351,                0.67559,                0.71998,                0.49206,                0.78866,                 2.2104,                0.98192,                 1.0157,              0.0019129,              0.0019129,              0.0019129
                     25,                0.55715,                0.71432,                0.51839,                0.91212,                0.81602,                 0.6936,                0.72645,                0.52171,                0.81594,                0.68276,                0.72039,                0.49021,                0.94061,                 2.2552,                 1.1908,                 1.0596,              0.0019089,              0.0019089,              0.0019089
                     26,                0.59141,                0.72126,                0.55309,                0.92507,                0.83531,                0.71258,                0.74512,                0.55213,                0.84749,                0.68601,                 0.7349,                  0.493,                0.84189,                 2.0378,                0.87742,                 1.0164,               0.001905,               0.001905,               0.001905
                     27,                 0.5687,                0.67866,                0.49892,                0.90005,                0.85211,                0.70304,                0.74475,                0.56642,                0.86546,                0.68721,                0.73542,                 0.4904,                0.80407,                 2.1716,                0.86481,                 1.0168,               0.001901,               0.001901,               0.001901
                     28,                0.52831,                0.65571,                0.49976,                0.89623,                0.79342,                0.68818,                0.72066,                 0.5328,                0.82524,                0.66215,                0.72042,                0.49048,                0.87754,                 2.0939,                0.83248,                 1.0369,               0.001897,               0.001897,               0.001897
                     29,                0.56132,                0.65842,                0.48862,                0.89723,                0.83888,                0.71312,                0.74683,                0.56905,                0.83841,                0.69778,                0.73893,                0.49048,                0.81144,                 1.9105,                0.74715,                 1.0216,              0.0018931,              0.0018931,              0.0018931
                     30,                0.50962,                0.64609,                0.48905,                  0.888,                0.84957,                0.70662,                0.74915,                0.57164,                0.84531,                0.69344,                0.74435,                 0.4875,                 0.8154,                 2.1137,                 0.6953,                 1.0251,              0.0018891,              0.0018891,              0.0018891
                     31,                0.51282,                0.66685,                0.50289,                0.89497,                0.77368,                 0.6692,                0.71316,                0.54378,                0.77974,                0.65464,                0.70783,                0.47796,                0.78795,                 2.0874,                0.76481,                 1.0013,              0.0018852,              0.0018852,              0.0018852
                     32,                0.54186,                 0.6785,                0.53655,                0.91775,                0.85258,                0.73807,                0.77471,                0.57026,                0.85497,                0.74078,                0.78064,                0.55511,                0.84483,                 2.1701,                 0.8137,                 1.0192,              0.0018812,              0.0018812,              0.0018812
                     33,                0.52887,                0.67214,                0.45699,                 0.8803,                0.83876,                0.75922,                0.77282,                0.58731,                0.83204,                0.75223,                0.77131,                0.52727,                 0.7649,                 2.1739,                0.78327,                 1.0072,              0.0018772,              0.0018772,              0.0018772
                     34,                0.51858,                0.69178,                0.48291,                0.89407,                0.84723,                0.74287,                0.77354,                0.58394,                0.84281,                0.73373,                0.77335,                0.53671,                0.79845,                 2.4481,                0.70067,                0.99632,              0.0018733,              0.0018733,              0.0018733
                     35,                0.51209,                0.65829,                0.44774,                 0.8792,                0.86076,                0.71404,                0.76757,                0.57875,                  0.853,                 0.7112,                0.76571,                 0.5439,                0.79696,                 2.0123,                0.71793,                0.99148,              0.0018693,              0.0018693,              0.0018693
                     36,                0.50479,                0.63812,                0.46719,                0.88198,                0.68119,                0.65022,                0.69324,                0.52702,                0.70979,                0.62202,                0.68909,                0.48313,                0.84549,                 2.1168,                0.77425,                   1.01,              0.0018654,              0.0018654,              0.0018654
                     37,                0.49851,                0.61523,                0.43876,                 0.8786,                0.84606,                0.69146,                0.76053,                0.59388,                0.85042,                0.68445,                0.75192,                0.53332,                0.76363,                 1.8956,                0.65991,                0.98557,              0.0018614,              0.0018614,              0.0018614
                     38,                0.52115,                 0.6879,                0.44845,                 0.8955,                0.84872,                 0.7393,                0.77671,                 0.5968,                0.87384,                0.71368,                0.77346,                0.54345,                0.77604,                 1.7246,                0.59201,                0.98334,              0.0018574,              0.0018574,              0.0018574
                     39,                0.49025,                0.64739,                0.42636,                0.87605,                0.85968,                0.69306,                 0.7551,                 0.5813,                0.87927,                0.68818,                0.75757,                0.54739,                 0.8084,                 1.8286,                0.61582,                0.99915,              0.0018535,              0.0018535,              0.0018535
                     40,                0.49142,                0.62866,                0.47049,                0.89217,                0.85048,                0.69252,                0.75102,                0.58093,                0.86221,                0.67733,                0.74957,                0.52723,                0.77639,                 2.0359,                0.64089,                 1.0108,              0.0018495,              0.0018495,              0.0018495
                     41,                0.52019,                0.62903,                0.43704,                0.87909,                0.87368,                0.71312,                0.76086,                0.59113,                0.87999,                 0.6974,                0.76299,                0.54566,                 0.7792,                 1.8297,                0.61074,                0.99344,              0.0018456,              0.0018456,              0.0018456
                     42,                0.47095,                0.59013,                0.45819,                0.88618,                0.86918,                0.72505,                0.76378,                0.59454,                0.86039,                0.71909,                0.76621,                0.53922,                0.77529,                 1.8214,                0.64066,                0.98606,              0.0018416,              0.0018416,              0.0018416
                     43,                0.49273,                0.63394,                0.42787,                0.88632,                0.86742,                0.71671,                0.76007,                0.59865,                0.85208,                0.70499,                0.75466,                  0.511,                0.74571,                 1.9694,                0.62707,                0.97376,              0.0018376,              0.0018376,              0.0018376
                     44,                0.48389,                0.59752,                0.42374,                 0.8677,                0.88427,                0.68782,                0.74993,                 0.5921,                0.87662,                0.67814,                0.74411,                0.52583,                0.76723,                 1.8549,                0.58658,                0.98669,              0.0018337,              0.0018337,              0.0018337
                     45,                0.49162,                0.64598,                0.41911,                0.87699,                 0.8829,                0.68694,                0.75288,                0.58985,                0.88992,                0.67787,                0.75149,                0.52567,                0.75673,                 1.7203,                0.59827,                0.97989,              0.0018297,              0.0018297,              0.0018297
                     46,                0.46415,                0.58419,                0.39202,                0.85467,                0.87428,                0.71963,                0.76105,                0.59081,                0.87437,                0.71367,                0.75921,                0.52599,                 0.7778,                 1.8251,                0.61318,                0.99046,              0.0018258,              0.0018258,              0.0018258
                     47,                0.46524,                0.55387,                0.41025,                0.87086,                0.87535,                0.72126,                0.76496,                 0.5891,                0.86087,                0.70933,                0.76251,                0.53723,                0.79666,                 1.9307,                0.60965,                0.99722,              0.0018218,              0.0018218,              0.0018218
                     48,                0.48642,                0.56845,                0.43438,                 0.8769,                0.87866,                0.74241,                0.78743,                0.61418,                0.86081,                0.73447,                0.78109,                0.54071,                0.74034,                 1.8456,                0.54149,                0.98354,              0.0018178,              0.0018178,              0.0018178
                     49,                0.44212,                0.56664,                0.39245,                0.85983,                 0.8617,                0.75597,                  0.797,                0.62946,                0.84831,                0.74403,                0.79469,                0.57465,                0.71204,                 1.8952,                0.55158,                0.96353,              0.0018139,              0.0018139,              0.0018139
                     50,                0.44181,                 0.5544,                0.38435,                0.86198,                0.87095,                0.75031,                0.80219,                0.63424,                0.86479,                0.74225,                0.80162,                0.59182,                 0.7141,                 1.8413,                0.55094,                0.96021,              0.0018099,              0.0018099,              0.0018099
                     51,                0.47931,                0.58849,                0.39712,                0.86709,                0.89025,                0.73902,                0.79882,                0.62419,                0.88351,                0.72722,                0.79271,                0.56628,                0.75489,                 1.7456,                0.54313,                0.97999,               0.001806,               0.001806,               0.001806
                     52,                0.44778,                0.55406,                0.40304,                0.85565,                0.87534,                 0.7218,                0.77343,                0.60375,                0.86983,                0.71475,                 0.7681,                0.54962,                0.75652,                 2.1221,                 0.5379,                0.96849,               0.001802,               0.001802,               0.001802
                     53,                0.49173,                0.58475,                 0.4083,                 0.8555,                0.85885,                0.74349,                0.78898,                0.62481,                0.85712,                0.72126,                0.78119,                0.55145,                0.71021,                 2.0086,                 0.5366,                 0.9673,               0.001798,               0.001798,               0.001798
                     54,                0.47001,                0.60558,                0.41784,                 0.8866,                0.86935,                0.73482,                0.79664,                0.63366,                0.85427,                0.71529,                0.77984,                 0.5467,                 0.6987,                 1.9642,                0.51614,                0.96506,              0.0017941,              0.0017941,              0.0017941
                     55,                 0.4623,                0.55334,                0.38558,                 0.8668,                0.86991,                 0.7359,                0.78862,                0.60086,                0.85955,                0.73012,                0.78255,                0.56381,                0.81404,                 2.3244,                0.56629,                0.99606,              0.0017901,              0.0017901,              0.0017901
                     56,                0.45244,                0.54966,                 0.3797,                0.85401,                0.86546,                0.73536,                0.79269,                0.63256,                0.85398,                 0.7256,                0.78517,                 0.5557,                0.69721,                 1.6124,                0.51686,                0.96782,              0.0017862,              0.0017862,              0.0017862
                     57,                0.48413,                0.59104,                0.39071,                0.86241,                0.87594,                0.72614,                0.79066,                0.61471,                0.86655,                0.71475,                0.78028,                0.54906,                0.76747,                 1.8117,                0.53982,                0.98074,              0.0017822,              0.0017822,              0.0017822
                     58,                0.47587,                0.60046,                0.39999,                0.86752,                0.84643,                0.74724,                0.78444,                0.60345,                0.86796,                0.71295,                0.78111,                0.56871,                0.80446,                 1.9227,                0.53737,                0.98736,              0.0017782,              0.0017782,              0.0017782
                     59,                0.48316,                0.62524,                0.40068,                0.87216,                0.85944,                0.75488,                0.79222,                0.62621,                  0.846,                0.73883,                0.78491,                0.57464,                0.72824,                 1.8923,                0.53053,                0.97217,              0.0017743,              0.0017743,              0.0017743
                     60,                0.44697,                0.54692,                0.37852,                0.85002,                0.86232,                0.74046,                0.79117,                0.61439,                0.86686,                0.72735,                0.78921,                0.56068,                0.76294,                 2.2997,                0.57559,                0.97821,              0.0017703,              0.0017703,              0.0017703
                     61,                0.44812,                0.57023,                 0.3989,                0.86481,                0.86844,                0.73742,                0.78389,                0.61268,                0.86008,                0.73004,                0.78311,                0.57457,                0.74431,                 2.0477,                0.54581,                0.97794,              0.0017664,              0.0017664,              0.0017664
                     62,                0.42759,                0.55402,                0.37918,                0.85625,                0.86429,                 0.7218,                0.77544,                0.61906,                0.88527,                0.70065,                0.77113,                0.56741,                0.71809,                 1.9267,                0.52203,                0.97537,              0.0017624,              0.0017624,              0.0017624
                     63,                0.41626,                0.52366,                0.36835,                0.84454,                0.85908,                0.73393,                0.78276,                0.62481,                0.88114,                0.70282,                0.77252,                0.56204,                0.71836,                 2.0605,                0.52666,                0.97774,              0.0017584,              0.0017584,              0.0017584
                     64,                0.43594,                0.64137,                0.38915,                0.86749,                0.86383,                0.73278,                0.77804,                0.62518,                  0.886,                0.69542,                 0.7725,                0.57032,                0.70431,                 1.8937,                0.51107,                0.97247,              0.0017545,              0.0017545,              0.0017545
                     65,                0.44109,                0.55206,                0.37839,                0.86369,                 0.8769,                0.72628,                0.78091,                0.62271,                0.86463,                0.71007,                0.77175,                0.55898,                0.72325,                 1.9618,                0.51443,                0.97618,              0.0017505,              0.0017505,              0.0017505
                     66,                0.44451,                0.59952,                0.38215,                0.85699,                0.86945,                0.73698,                0.79004,                0.61895,                0.85355,                0.71114,                0.77838,                0.55891,                 0.7612,                 2.0663,                0.51006,                0.99345,              0.0017466,              0.0017466,              0.0017466
                     67,                0.45502,                0.51851,                0.43518,                0.87579,                0.87667,                0.73698,                 0.7939,                0.63198,                0.86824,                0.71475,                0.78137,                0.56959,                0.70551,                 2.0745,                0.50592,                0.98309,              0.0017426,              0.0017426,              0.0017426
                     68,                0.45904,                0.51111,                0.36477,                0.84939,                0.88232,                0.72234,                0.78846,                0.60734,                0.87581,                0.71475,                0.78079,                0.55575,                0.77631,                 2.0678,                0.52462,                0.99897,              0.0017386,              0.0017386,              0.0017386
                     69,                0.40424,                0.45671,                0.35289,                0.84622,                0.87346,                0.74187,                 0.7882,                0.61326,                0.86455,                0.73382,                0.78451,                0.56405,                0.73184,                 1.8882,                0.50164,                0.98962,              0.0017347,              0.0017347,              0.0017347
                     70,                0.42136,                0.55498,                0.36049,                0.84895,                 0.8549,                 0.7679,                0.78898,                 0.6234,                0.85029,                0.75488,                0.78628,                0.57618,                0.69263,                 1.9617,                0.49586,                0.97576,              0.0017307,              0.0017307,              0.0017307
                     71,                0.41803,                0.55366,                 0.3564,                 0.8469,                0.86655,                0.75597,                0.78911,                0.62101,                0.85709,                 0.7397,                0.78353,                0.56909,                0.72173,                 1.9825,                0.49104,                0.97913,              0.0017268,              0.0017268,              0.0017268
                     72,                0.41271,                0.49563,                 0.3371,                0.83534,                0.86808,                0.76368,                0.79443,                0.62475,                0.88686,                0.73265,                0.78921,                0.55714,                0.71875,                 1.9044,                0.50685,                0.97011,              0.0017228,              0.0017228,              0.0017228
                     73,                0.41023,                0.50124,                0.35378,                0.84657,                0.88047,                0.75498,                0.79843,                0.63135,                0.87365,                 0.7397,                 0.7935,                0.57061,                0.70222,                 1.9889,                0.49965,                0.96783,              0.0017188,              0.0017188,              0.0017188
                     74,                 0.4017,                0.50639,                0.33191,                0.83838,                0.87593,                0.75434,                 0.7917,                0.62256,                 0.8645,                0.74403,                0.78455,                0.56192,                0.72253,                 2.1178,                0.55772,                0.97161,              0.0017149,              0.0017149,              0.0017149
                     75,                0.41673,                0.55224,                0.35623,                0.85049,                   0.87,                0.73672,                0.78112,                0.61947,                0.86332,                0.72617,                 0.7756,                0.55385,                0.69988,                 1.9817,                0.54518,                0.96453,              0.0017109,              0.0017109,              0.0017109
                     76,                0.43352,                0.53636,                0.34662,                0.83322,                 0.8815,                0.75217,                0.80853,                0.63507,                0.86412,                 0.7277,                0.79287,                0.57257,                0.74932,                 2.0107,                0.50626,                0.97716,               0.001707,               0.001707,               0.001707
                     77,                0.40767,                0.49399,                0.33837,                0.83927,                0.86563,                0.74063,                0.80408,                0.63515,                0.85793,                0.72722,                0.79507,                0.56943,                0.74278,                 1.9792,                0.50585,                0.97743,               0.001703,               0.001703,               0.001703
                     78,                0.40487,                0.49329,                0.33819,                0.83512,                0.88771,                0.70607,                0.78804,                0.63632,                0.88238,                0.69957,                0.78279,                0.56988,                0.69129,                  1.865,                0.50924,                0.96352,               0.001699,               0.001699,               0.001699
                     79,                0.38165,                0.48891,                0.32491,                0.83901,                0.89894,                0.67532,                0.77454,                0.61999,                0.91033,                0.66614,                0.77023,                0.56621,                0.71038,                 1.8113,                0.53391,                0.96588,              0.0016951,              0.0016951,              0.0016951
                     80,                0.38079,                 0.4872,                0.33307,                 0.8337,                0.87967,                0.68004,                0.76449,                0.61696,                0.88412,                0.68059,                0.76594,                 0.5548,                0.68691,                 1.5878,                0.53047,                0.96655,              0.0016911,              0.0016911,              0.0016911
                     81,                0.41684,                0.51659,                0.35454,                0.87685,                0.88147,                0.70176,                0.77096,                0.62492,                0.88248,                0.70045,                0.77104,                0.56204,                0.69078,                 1.6356,                 0.5126,                0.96774,              0.0016872,              0.0016872,              0.0016872
                     82,                0.39948,                0.51471,                0.33758,                0.85152,                0.87162,                0.71431,                0.77533,                 0.6258,                0.88367,                0.69469,                 0.7666,                 0.5545,                0.69233,                 1.5843,                0.52167,                 0.9702,              0.0016832,              0.0016832,              0.0016832
                     83,                0.42379,                0.49062,                0.35384,                 0.8627,                0.88863,                0.70987,                0.77855,                0.62242,                0.89527,                0.70228,                0.77115,                0.55724,                0.71808,                 1.7125,                0.53255,                0.97514,              0.0016792,              0.0016792,              0.0016792
                     84,                0.39376,                 0.4939,                0.34378,                0.84677,                0.88409,                0.71638,                 0.7787,                0.61761,                0.89054,                0.69252,                0.76165,                0.53739,                 0.7114,                 1.7718,                0.52737,                0.97708,              0.0016753,              0.0016753,              0.0016753
                     85,                0.44354,                0.53074,                0.34839,                0.84893,                0.85864,                0.72939,                0.77986,                0.61108,                0.87381,                0.69845,                0.76676,                0.53896,                0.73101,                  1.744,                0.55222,                0.98601,              0.0016713,              0.0016713,              0.0016713
                     86,                0.44235,                0.53104,                0.36063,                0.85711,                0.86172,                0.71983,                0.77783,                0.60014,                0.85959,                0.71044,                0.77051,                0.55384,                0.75629,                 1.6092,                0.56143,                0.97517,              0.0016674,              0.0016674,              0.0016674
                     87,                0.40906,                0.47522,                 0.3251,                 0.8407,                0.86041,                0.71095,                0.77064,                0.60339,                0.86615,                0.69481,                0.76543,                0.54715,                0.73106,                 1.4757,                0.55881,                 0.9643,              0.0016634,              0.0016634,              0.0016634
                     88,                0.43389,                0.51691,                0.35707,                0.85653,                0.85854,                0.71418,                0.76376,                0.61296,                0.86379,                0.69848,                0.75987,                0.54945,                  0.677,                 1.5544,                0.57113,                0.96217,              0.0016594,              0.0016594,              0.0016594
                     89,                0.40334,                0.49694,                0.33172,                0.83871,                0.89256,                0.70282,                0.76359,                0.60441,                0.89627,                0.68764,                0.75619,                0.55128,                0.71924,                 1.6429,                0.54872,                0.97141,              0.0016555,              0.0016555,              0.0016555
                     90,                0.40538,                 0.5104,                0.33826,                0.84227,                0.89986,                0.69685,                0.76471,                0.60999,                0.90491,                 0.6864,                0.75348,                0.54955,                 0.6994,                  1.709,                0.52465,                0.97136,              0.0016515,              0.0016515,              0.0016515
                     91,                 0.4215,                0.49604,                0.34298,                0.84556,                 0.8767,                 0.7365,                0.77735,                0.62033,                0.87912,                0.71386,                0.76818,                0.54907,                 0.7073,                 1.9178,                0.49695,                 0.9713,              0.0016476,              0.0016476,              0.0016476
                     92,                0.43654,                0.54329,                0.34737,                0.84814,                0.86922,                0.74675,                0.78601,                0.62476,                0.86853,                0.72371,                0.77805,                0.56304,                 0.7269,                 1.9067,                0.49068,                0.97981,              0.0016436,              0.0016436,              0.0016436
                     93,                0.40548,                0.48268,                0.32336,                 0.8426,                0.87844,                0.73319,                0.78017,                0.61402,                0.88237,                0.71421,                0.77446,                0.55611,                0.71455,                 1.7372,                0.49401,                0.97708,              0.0016396,              0.0016396,              0.0016396
                     94,                0.40782,                0.51667,                0.35405,                0.84419,                0.87202,                0.71367,                0.76798,                0.61164,                0.86341,                0.70662,                0.76565,                0.54867,                0.70924,                 1.7004,                 0.5164,                0.97572,              0.0016357,              0.0016357,              0.0016357
                     95,                0.39716,                0.46855,                 0.3265,                0.83705,                0.87746,                0.72885,                0.77787,                0.61748,                0.87902,                0.71963,                0.77563,                0.56051,                0.72911,                 1.7033,                0.51482,                0.97666,              0.0016317,              0.0016317,              0.0016317
                     96,                 0.4363,                0.52109,                0.34518,                0.84855,                0.89182,                   0.75,                0.79623,                0.63347,                0.87661,                0.74566,                0.79246,                0.57865,                0.70068,                 1.7262,                0.48082,                0.95952,              0.0016278,              0.0016278,              0.0016278
                     97,                0.41618,                0.47949,                0.32925,                 0.8397,                0.88703,                0.75325,                0.80192,                0.64338,                0.87377,                0.73577,                0.79325,                0.57902,                0.70653,                 1.8669,                0.46385,                0.96471,              0.0016238,              0.0016238,              0.0016238
                     98,                  0.417,                0.47362,                0.32258,                0.84834,                0.87879,                0.74706,                0.79753,                0.64012,                0.87062,                0.72451,                0.78951,                0.56968,                0.70778,                 1.9397,                0.46845,                0.96613,              0.0016198,              0.0016198,              0.0016198
                     99,                0.38437,                0.46922,                0.30459,                 0.8298,                0.87813,                0.74403,                0.79757,                0.64122,                0.87091,                0.72075,                0.78909,                0.57894,                0.70291,                 1.9547,                0.47999,                0.97115,              0.0016159,              0.0016159,              0.0016159
                    100,                0.42887,                0.49474,                0.33589,                0.84152,                0.89166,                0.76247,                 0.8176,                0.65551,                0.88461,                0.74078,                0.80619,                0.57554,                0.69326,                 1.7483,                0.46229,                0.96937,              0.0016119,              0.0016119,              0.0016119
                    101,                0.38705,                0.48344,                0.31543,                0.83822,                0.88479,                0.76844,                0.81596,                0.64432,                0.86141,                0.74566,                 0.7996,                0.55748,                0.73487,                  1.727,                0.47139,                0.97002,               0.001608,               0.001608,               0.001608
                    102,                0.41151,                0.47018,                 0.3176,                0.83732,                0.88389,                0.75548,                0.81427,                0.63827,                0.88794,                0.72451,                0.79945,                0.56683,                 0.7408,                  1.787,                0.49757,                0.96237,               0.001604,               0.001604,               0.001604
                    103,                0.37825,                0.45383,                0.31036,                0.83011,                0.88158,                0.75976,                0.81365,                0.65138,                0.87416,                0.73839,                0.80176,                0.58925,                0.69714,                 1.7446,                 0.4905,                0.95984,                 0.0016,                 0.0016,                 0.0016
                    104,                0.40049,                0.45769,                0.32039,                0.84737,                0.86949,                 0.7782,                0.81723,                0.66143,                0.86425,                0.75268,                0.80244,                0.58036,                0.67913,                 1.7151,                0.47929,                0.97191,              0.0015961,              0.0015961,              0.0015961
                    105,                0.39395,                0.50286,                0.31779,                 0.8352,                0.86655,                0.77115,                0.81489,                0.65153,                0.86546,                 0.7462,                0.80067,                0.57731,                0.70949,                 1.6575,                 0.4676,                 0.9809,              0.0015921,              0.0015921,              0.0015921
                    106,                 0.3624,                0.45287,                 0.2951,                0.82631,                0.88514,                0.75638,                0.81025,                0.64811,                 0.8673,                0.73721,                0.79568,                 0.5806,                0.69474,                 1.6826,                0.46959,                0.96355,              0.0015882,              0.0015882,              0.0015882
                    107,                0.38535,                0.46776,                 0.3074,                0.83559,                0.87853,                 0.7491,                0.80402,                0.65731,                0.87333,                0.72885,                0.79493,                0.58593,                0.67172,                  1.741,                0.46441,                0.96516,              0.0015842,              0.0015842,              0.0015842
                    108,                0.38313,                0.47863,                0.30796,                0.84102,                0.86477,                   0.75,                0.80035,                0.63423,                0.85566,                0.74265,                0.79438,                0.57036,                0.73206,                 2.0741,                0.48021,                0.97917,              0.0015802,              0.0015802,              0.0015802
                    109,                 0.3916,                0.50756,                0.31541,                0.84287,                 0.8739,                0.74783,                0.80502,                0.64291,                0.86032,                0.74187,                0.79921,                0.57672,                0.70859,                 1.9648,                0.48625,                 0.9668,              0.0015763,              0.0015763,              0.0015763
                    110,                0.37971,                0.46301,                0.31421,                0.83877,                0.86362,                0.76356,                 0.8155,                 0.6625,                0.86468,                0.74241,                 0.8063,                 0.5921,                0.67764,                 1.9793,                 0.4688,                0.96272,              0.0015723,              0.0015723,              0.0015723
                    111,                0.37059,                0.46241,                0.30786,                0.83708,                0.86494,                0.75705,                0.81095,                0.65908,                0.86021,                 0.7321,                0.80079,                0.59053,                0.67642,                   2.08,                0.46346,                 0.9581,              0.0015684,              0.0015684,              0.0015684
                    112,                0.36814,                0.45483,                0.30032,                0.83431,                0.87207,                0.75783,                0.80622,                0.65246,                0.86621,                0.74086,                0.80009,                 0.5996,                0.69325,                 1.9123,                0.45838,                0.96758,              0.0015644,              0.0015644,              0.0015644
                    113,                0.39587,                0.50087,                0.30872,                0.83572,                0.87663,                0.77071,                 0.8163,                0.65998,                0.86409,                0.75813,                0.81123,                 0.5999,                 0.6829,                 1.8111,                0.46088,                0.96791,              0.0015604,              0.0015604,              0.0015604
                    114,                0.37967,                0.46997,                 0.3037,                 0.8389,                0.88632,                0.76302,                0.81708,                 0.6635,                0.87677,                0.75627,                0.81463,                0.60214,                0.66657,                 1.7597,                0.45529,                0.96044,              0.0015565,              0.0015565,              0.0015565
                    115,                0.36508,                0.45759,                0.29849,                0.83184,                0.88801,                0.75868,                0.80928,                0.64933,                0.87584,                0.74837,                0.80686,                0.59691,                0.69638,                 1.8086,                0.46329,                0.96744,              0.0015525,              0.0015525,              0.0015525
                    116,                 0.3792,                0.47235,                 0.3029,                0.83542,                0.86919,                0.75597,                0.79429,                0.63094,                0.87693,                0.73808,                0.79055,                0.57421,                0.70268,                  1.811,                0.48845,                0.97971,              0.0015486,              0.0015486,              0.0015486
                    117,                0.36671,                0.48045,                0.30449,                0.83247,                0.88435,                0.74187,                0.79247,                0.62846,                 0.8815,                0.73915,                0.79072,                0.57852,                0.70008,                 1.9315,                0.48323,                 0.9774,              0.0015446,              0.0015446,              0.0015446
                    118,                0.35281,                0.41705,                0.28742,                0.83243,                0.87401,                0.74024,                0.78962,                0.63588,                0.87549,                0.72453,                0.78471,                0.58018,                0.68171,                 1.8989,                0.47771,                0.97852,              0.0015406,              0.0015406,              0.0015406
                    119,                0.37391,                0.46215,                0.30342,                0.84512,                0.89142,                0.72993,                0.79542,                0.63523,                0.87854,                 0.7321,                 0.7911,                 0.5831,                0.70793,                  1.928,                0.48887,                0.98168,              0.0015367,              0.0015367,              0.0015367
                    120,                0.36752,                0.44909,                0.29948,                0.82397,                0.87709,                0.70987,                0.78437,                0.63178,                0.87103,                0.70119,                0.77589,                0.56134,                0.68078,                 1.6314,                 0.5099,                0.97672,              0.0015327,              0.0015327,              0.0015327
                    121,                0.38426,                0.47377,                0.31161,                0.83368,                0.88189,                0.71855,                0.78816,                0.62595,                0.88288,                0.70315,                0.77633,                0.56846,                0.70611,                  1.678,                0.50344,                 0.9796,              0.0015288,              0.0015288,              0.0015288
                    122,                0.39559,                0.50254,                0.31727,                0.85214,                0.88726,                0.71272,                0.78485,                0.62546,                0.89729,                0.69165,                 0.7745,                0.56138,                0.69786,                 1.6431,                 0.5002,                 0.9691,              0.0015248,              0.0015248,              0.0015248
                    123,                0.37238,                0.46816,                0.30022,                0.83044,                0.88272,                 0.7306,                0.78863,                0.63766,                0.89812,                0.70662,                0.78171,                0.56312,                0.67066,                 1.5425,                0.47866,                0.96642,              0.0015208,              0.0015208,              0.0015208
                    124,                0.39286,                0.47662,                0.32302,                0.85444,                0.88726,                0.75054,                0.80157,                0.62974,                0.88442,                0.73753,                0.79949,                0.57905,                 0.7243,                  1.589,                0.47838,                0.97561,              0.0015169,              0.0015169,              0.0015169
                    125,                0.36709,                 0.4611,                 0.3052,                0.83619,                0.87537,                0.76563,                0.81285,                0.65613,                0.86944,                0.76356,                0.81641,                0.59082,                0.67963,                 1.5131,                0.46534,                0.96181,              0.0015129,              0.0015129,              0.0015129
                    126,                0.35776,                0.45467,                0.28663,                0.81948,                0.86987,                0.77278,                0.81742,                0.66208,                0.86322,                0.75636,                 0.8157,                0.59676,                 0.6845,                 1.5494,                0.46115,                0.96102,               0.001509,               0.001509,               0.001509
                    127,                0.35721,                  0.437,                0.27692,                0.82812,                0.88004,                0.75976,                0.81596,                0.64992,                0.87921,                0.73807,                0.81255,                0.60127,                0.72638,                 1.7402,                0.47065,                0.97023,               0.001505,               0.001505,               0.001505
                    128,                0.39658,                0.49413,                0.30439,                0.83411,                0.87252,                0.74892,                0.80861,                 0.6579,                0.86292,                 0.7321,                0.79971,                 0.5812,                0.66056,                  1.585,                0.46349,                0.95893,               0.001501,               0.001501,               0.001501
                    129,                0.37653,                 0.4605,                0.29951,                0.83151,                  0.875,                0.73861,                 0.8028,                0.64931,                0.86586,                 0.7281,                0.79744,                0.57259,                0.67494,                  1.659,                0.46913,                 0.9594,              0.0014971,              0.0014971,              0.0014971
                    130,                0.36476,                0.46699,                0.29168,                0.83483,                0.88758,                0.74403,                0.80389,                0.64341,                 0.8849,                0.72963,                0.79735,                0.58083,                0.69992,                 1.6874,                0.46856,                0.96136,              0.0014931,              0.0014931,              0.0014931
                    131,                0.36379,                0.44573,                0.28774,                  0.832,                 0.8913,                0.75147,                0.80525,                0.65067,                0.87889,                 0.7359,                0.79863,                0.58772,                0.66918,                 1.5719,                0.45209,                0.95825,              0.0014892,              0.0014892,              0.0014892
                    132,                0.37027,                0.47153,                0.29924,                0.84055,                0.89491,                0.74566,                0.80724,                 0.6441,                0.88997,                0.72812,                0.79658,                0.58228,                0.68602,                 1.5667,                0.45678,                0.95916,              0.0014852,              0.0014852,              0.0014852
                    133,                0.37089,                0.46326,                 0.2908,                0.81897,                 0.9073,                0.73781,                0.80677,                 0.6468,                0.89443,                0.72594,                0.79718,                0.58656,                0.67527,                 1.6168,                0.46132,                0.95078,              0.0014812,              0.0014812,              0.0014812
                    134,                0.38564,                0.49444,                0.30373,                0.85112,                0.87602,                0.77115,                0.81354,                0.65564,                0.86649,                0.75325,                0.80783,                0.59496,                0.67025,                 1.7406,                0.45594,                0.95108,              0.0014773,              0.0014773,              0.0014773
                    135,                0.36773,                0.43593,                0.28671,                0.82809,                0.87605,                0.77424,                0.81351,                0.65388,                0.87068,                0.75651,                0.80471,                0.58539,                0.67432,                 1.9032,                0.46909,                0.95692,              0.0014733,              0.0014733,              0.0014733
                    136,                0.37053,                0.47001,                0.29932,                0.83566,                0.88212,                0.75542,                0.79562,                0.64023,                0.87413,                 0.7344,                0.78496,                0.57231,                  0.678,                 1.8522,                 0.4844,                0.96636,              0.0014694,              0.0014694,              0.0014694
                    137,                0.35275,                0.43679,                0.28332,                0.81602,                0.88928,                0.74918,                0.79802,                0.63911,                0.88286,                0.72722,                0.78732,                0.57632,                0.69752,                 1.9008,                0.48626,                0.97428,              0.0014654,              0.0014654,              0.0014654
                    138,                0.37263,                0.46329,                 0.2968,                0.82816,                0.88094,                 0.7641,                0.80774,                0.64774,                0.86495,                0.74837,                0.80072,                0.58439,                0.69537,                 1.9279,                0.46706,                0.97265,              0.0014614,              0.0014614,              0.0014614
                    139,                0.37045,                0.46324,                0.29559,                0.83665,                0.88636,                0.76681,                 0.8173,                 0.6565,                0.86996,                0.75098,                0.80973,                0.59146,                0.69577,                 1.9755,                 0.4611,                0.97261,              0.0014575,              0.0014575,              0.0014575
                    140,                0.37697,                0.46591,                0.30083,                0.82472,                0.86883,                0.76518,                0.80551,                 0.6425,                0.85895,                0.75624,                0.80599,                0.59033,                0.71154,                 2.1451,                0.47412,                0.99136,              0.0014535,              0.0014535,              0.0014535
                    141,                0.37852,                0.47501,                0.31136,                0.83396,                0.86722,                0.75445,                0.79828,                0.63794,                0.88875,                  0.718,                 0.7956,                0.58077,                0.68597,                 2.1933,                0.46849,                0.98472,              0.0014496,              0.0014496,              0.0014496
                    142,                0.35876,                0.47565,                0.29213,                0.82189,                 0.8737,                0.73529,                0.78901,                0.62138,                0.89061,                0.70011,                0.78225,                0.56664,                0.71213,                 2.3111,                0.47067,                0.99208,              0.0014456,              0.0014456,              0.0014456
                    143,                0.34141,                0.41068,                0.27604,                0.82939,                0.88238,                0.70336,                0.78153,                0.61307,                0.89326,                0.68818,                0.77319,                0.55806,                0.72539,                 2.1724,                0.48583,                0.99981,              0.0014416,              0.0014416,              0.0014416
                    144,                0.33738,                0.42318,                 0.2792,                0.81301,                0.87285,                0.72595,                0.78472,                0.61836,                0.86696,                0.71387,                 0.7727,                0.54863,                0.69537,                   1.74,                0.50904,                0.98306,              0.0014377,              0.0014377,              0.0014377
                    145,                0.34956,                0.45462,                0.28382,                0.82178,                0.86446,                0.74132,                0.78896,                0.62252,                0.85287,                0.72304,                0.77225,                0.55559,                0.69414,                 1.6696,                0.48717,                0.98107,              0.0014337,              0.0014337,              0.0014337
                    146,                0.33868,                0.40477,                0.26863,                0.81416,                0.88312,                0.73915,                0.79165,                 0.6296,                0.87518,                0.72289,                0.77839,                0.56247,                0.68116,                 1.7084,                0.45808,                0.97708,              0.0014298,              0.0014298,              0.0014298
                    147,                0.35885,                0.46349,                0.29081,                0.81681,                 0.8792,                0.76518,                0.80323,                0.64026,                0.86684,                0.73861,                0.78963,                0.57187,                0.69059,                 1.8099,                0.45895,                0.97376,              0.0014258,              0.0014258,              0.0014258
                    148,                0.33298,                0.42014,                0.26725,                 0.8185,                0.88651,                0.74556,                0.80009,                0.63378,                0.88146,                0.72614,                0.79001,                0.56664,                0.70465,                 1.8396,                0.48784,                0.97989,              0.0014218,              0.0014218,              0.0014218
                    149,                0.36238,                0.43945,                0.28338,                0.82612,                0.87703,                0.75417,                0.79908,                0.62466,                0.86259,                0.73915,                0.79141,                0.57721,                0.73817,                 1.8327,                0.49847,                0.99127,              0.0014179,              0.0014179,              0.0014179
                    150,                0.35617,                0.43856,                0.27449,                0.81843,                0.86784,                0.75135,                0.80232,                0.63251,                0.85625,                0.73482,                0.79201,                0.57328,                0.71528,                 1.7748,                0.50352,                0.98557,              0.0014139,              0.0014139,              0.0014139
                    151,                0.35873,                0.43168,                0.28514,                0.83727,                0.86509,                0.75651,                0.80919,                0.64158,                0.84866,                0.74024,                0.79818,                0.57445,                0.71217,                 1.7822,                0.51179,                0.98788,                0.00141,                0.00141,                0.00141
                    152,                0.35872,                 0.4453,                0.29213,                0.82764,                0.87023,                0.76009,                0.80686,                0.63684,                0.86584,                0.73536,                0.79693,                0.57641,                0.71651,                 1.6884,                0.49576,                0.99283,               0.001406,               0.001406,               0.001406
                    153,                0.35184,                  0.435,                 0.2805,                0.82225,                0.87503,                0.75186,                0.80829,                0.64618,                0.86687,                0.73098,                0.79727,                0.58129,                0.69512,                 1.6591,                0.48517,                0.98343,               0.001402,               0.001402,               0.001402
                    154,                0.33656,                0.41313,                0.27941,                0.82603,                0.87264,                0.75426,                0.81385,                0.65087,                0.88264,                0.72187,                0.80161,                0.59146,                0.70138,                 1.7547,                0.48597,                0.98048,              0.0013981,              0.0013981,              0.0013981
                    155,                0.34129,                0.41698,                0.27703,                0.82662,                0.86871,                0.75108,                0.81377,                0.65681,                0.87865,                0.71963,                0.80286,                0.59983,                0.70393,                 1.8571,                0.47922,                0.98875,              0.0013941,              0.0013941,              0.0013941
                    156,                0.33943,                0.40645,                 0.2747,                0.82146,                0.87206,                0.75217,                0.81275,                 0.6553,                0.87888,                0.72126,                0.80669,                0.60166,                 0.7264,                 1.9239,                0.47999,                0.99911,              0.0013902,              0.0013902,              0.0013902
                    157,                0.35518,                 0.4267,                0.28849,                0.82476,                 0.8815,                0.75217,                0.81605,                 0.6518,                0.86324,                0.73482,                0.80237,                  0.597,                 0.7372,                 1.9809,                 0.4867,                0.99784,              0.0013862,              0.0013862,              0.0013862
                    158,                0.35189,                0.44293,                0.27541,                0.82437,                0.87462,                0.75868,                0.81267,                0.65939,                0.85772,                0.73555,                0.80093,                0.59409,                0.69653,                 1.9556,                0.49138,                0.98708,              0.0013822,              0.0013822,              0.0013822
                    159,                0.35294,                  0.435,                0.27419,                 0.8181,                 0.8784,                0.75213,                0.81658,                0.66178,                0.86116,                0.73329,                0.80407,                0.60114,                0.69793,                 2.0205,                0.48809,                0.98726,              0.0013783,              0.0013783,              0.0013783
                    160,                0.37408,                0.44681,                0.30737,                0.82847,                0.88043,                0.74403,                 0.8188,                 0.6587,                0.86974,                0.72072,                0.80171,                0.59823,                0.71922,                 1.8428,                0.49488,                0.98681,              0.0013743,              0.0013743,              0.0013743
                    161,                 0.3478,                0.42321,                0.27347,                0.82902,                0.85627,                0.75054,                0.81507,                0.66133,                0.87114,                0.72017,                0.80499,                 0.5994,                0.69802,                 1.7125,                0.48826,                0.98468,              0.0013704,              0.0013704,              0.0013704
                    162,                0.35358,                0.44133,                0.27486,                0.81697,                0.84205,                0.76037,                0.81311,                0.65422,                0.88089,                0.71258,                0.80258,                0.59251,                0.72083,                 1.8047,                 0.4917,                0.98961,              0.0013664,              0.0013664,              0.0013664
                    163,                0.33706,                0.41291,                0.26772,                 0.8247,                0.86354,                0.73753,                0.80679,                0.65138,                0.86014,                0.72372,                0.79802,                0.59489,                0.70863,                 1.8167,                0.48525,                0.98448,              0.0013624,              0.0013624,              0.0013624
                    164,                0.35644,                0.42598,                0.27537,                0.81903,                0.87607,                0.74783,                 0.8155,                0.65718,                0.86221,                0.72993,                  0.806,                0.59739,                0.69411,                 1.7211,                0.47278,                0.97604,              0.0013585,              0.0013585,              0.0013585
